channel,row_gradient_range,col_gradient_range,well_nonuniform_std,tp_mediansub_std_mean
561,5.591081600332018,44.95260428524057,13.83750776902492,15.196190489240863
647,10.419363985074142,27.854241923715108,10.621658654063765,10.709077298930884
